condition,solver_accuracy,final_accuracy,net_accuracy_gain,correction_rate,preservation_rate,checker_decision_accuracy,task_count
checker_mask_only,0.3958333333333333,0.875,0.4791666666666667,0.8620689655172413,0.8947368421052632,0.375,48
generic,0.5416666666666666,0.8541666666666666,0.3125,0.6818181818181818,1.0,0.3333333333333333,48
random_seed_1,0.16666666666666666,0.2708333333333333,0.10416666666666667,0.275,0.25,0.0,48
random_seed_2,0.1875,0.16666666666666666,-0.020833333333333332,0.02564102564102564,0.7777777777777778,0.020833333333333332,48
random_seed_3,0.1875,0.20833333333333334,0.020833333333333332,0.10256410256410256,0.6666666666666666,0.020833333333333332,48
role_specific,0.6666666666666666,0.7291666666666666,0.0625,0.4375,0.875,0.25,48
solver_mask_only,0.6666666666666666,0.8125,0.14583333333333334,0.625,0.90625,0.20833333333333334,48
swapped,0.22916666666666666,0.8125,0.5833333333333334,0.7567567567567568,1.0,0.5833333333333334,48
unmasked,0.3958333333333333,0.8333333333333334,0.4375,0.7586206896551724,0.9473684210526315,0.375,48
random_mean,0.18055555555555555,0.21527777777777787,0.03472222222222232,0.13559322033898305,0.5769230769230769,0.013888888888888888,48
