metric,role,left_or_label,right,value
pruned_unit_jaccard,planner,confirmatory,seed101,0.8427350427350427
pruned_unit_jaccard,planner,confirmatory,seed202,0.8341131433432581
pruned_unit_jaccard,planner,confirmatory,seed303,0.8376305135307905
pruned_unit_jaccard,planner,seed101,seed202,0.7807144332025604
pruned_unit_jaccard,planner,seed101,seed303,0.7661273807085808
pruned_unit_jaccard,planner,seed202,seed303,0.7582059123343527
pruned_unit_jaccard,solver,confirmatory,seed101,0.7970410502187956
pruned_unit_jaccard,solver,confirmatory,seed202,0.7701149425287356
pruned_unit_jaccard,solver,confirmatory,seed303,0.8174920969441517
pruned_unit_jaccard,solver,seed101,seed202,0.75177737152143
pruned_unit_jaccard,solver,seed101,seed303,0.738359201773836
pruned_unit_jaccard,solver,seed202,seed303,0.7040110650069157
pruned_unit_jaccard,critic,confirmatory,seed101,0.8514383855732074
pruned_unit_jaccard,critic,confirmatory,seed202,0.8075875078599875
pruned_unit_jaccard,critic,confirmatory,seed303,0.7921862011637573
pruned_unit_jaccard,critic,seed101,seed202,0.7549857549857549
pruned_unit_jaccard,critic,seed101,seed303,0.7697516930022573
pruned_unit_jaccard,critic,seed202,seed303,0.6755391490188459
pruned_unit_jaccard,verifier,confirmatory,seed101,0.8247989843419382
pruned_unit_jaccard,verifier,confirmatory,seed202,0.8038067349926794
pruned_unit_jaccard,verifier,confirmatory,seed303,0.8106235565819861
pruned_unit_jaccard,verifier,seed101,seed202,0.8060732984293194
pruned_unit_jaccard,verifier,seed101,seed303,0.7748507923441037
pruned_unit_jaccard,verifier,seed202,seed303,0.7019932899151372
own_minus_random_mean_accuracy,solver,confirmatory,,-0.03472222222233334
own_minus_random_mean_accuracy,solver,seed101,,0.21527777777766666
own_minus_random_mean_accuracy,solver,seed202,,0.11111111111099992
own_minus_random_mean_accuracy,solver,seed303,,0.1944444444443333
own_minus_random_mean_accuracy,critic,confirmatory,,0.2986111111113333
own_minus_random_mean_accuracy,critic,seed101,,0.152777777778
own_minus_random_mean_accuracy,critic,seed202,,0.2986111111113333
own_minus_random_mean_accuracy,critic,seed303,,0.46527777777799995
own_minus_random_mean_accuracy,verifier,confirmatory,,0.34722222222233334
own_minus_random_mean_accuracy,verifier,seed101,,0.4305555555556667
own_minus_random_mean_accuracy,verifier,seed202,,0.3680555555556667
own_minus_random_mean_accuracy,verifier,seed303,,0.5555555555556667
