mask,critic,solver,verifier
unmasked,0.7291666666666666,0.7291666666666666,0.8333333333333334
planner,0.3125,0.9791666666666666,0.4583333333333333
solver,0.1875,0.5833333333333334,0.0625
critic,0.5625,0.75,0.625
verifier,0.5833333333333334,0.875,0.5625
generic,0.4583333333333333,0.7708333333333334,0.5833333333333334
random_seed_1,0.4583333333333333,0.8125,0.3333333333333333
random_seed_2,0.20833333333333334,0.2916666666666667,0.08333333333333333
random_seed_3,0.125,0.75,0.22916666666666666
magnitude,0.0,0.0625,0.0
